<xml>

<!-- 

*** EPISODES ***

-->

<!-- Don't work
	<level>
		<name> curves.lev </name>
		<victory> finish_line </victory>
	</level>

	<level>
		<name> pirate.lev </name>
		<victory> finish_line </victory>
	</level>

	<level>
		<name> timing.lev </name>
		<victory> finish_line </victory>
	</level>

	<level>
		<name> shifting.lev </name>
		<victory> finish_line </victory>
	</level>

-->


<!-- Test Episode -->

<episode>
	<level>
		<name> course.lev </name>
	</level>

	<level>
		<name> testing.lev </name>
		<victory> finish_line </victory>
	</level>



	<level>
		<name> trippy.lev </name>
		<victory> finish_line </victory>
	</level>
	


	<level>
		<name> course.lev </name>
		<victory> finish_line </victory>
	</level>

	<level>
		<name> escape.lev </name>
		<victory> finish_line </victory>
	</level>
</episode>

<!-- All Levels Episode -->

<episode>
	<level>
		<name> angry.lev </name>
		<victory> kill_all </victory>
	</level>

	<level>
		<name> bounce.lev </name>
		<victory> finish_line </victory>
	</level>

	<level>
		<name> cane.lev </name>
		<victory> finish_line </victory>
	</level>

	<level>
		<name> course.lev </name>
		<victory> finish_line </victory>
	</level>

	<level>
		<name> crusher.lev </name>
		<victory> finish_line </victory>
	</level>

	<level>
		<name> elevator.lev </name>
		<victory> finish_line </victory>
	</level>

	<level>
		<name> emoticonate.lev </name>
		<victory> finish_line </victory>
	</level>

	<level>
		<name> emotion.lev </name>
		<victory> finish_line </victory>
	</level>

	<level>
		<name> escape.lev </name>
		<victory> finish_line </victory>
	</level>

	<level>
		<name> halls.lev </name>
		<victory> finish_line </victory>
	</level>

	<level>
		<name> happy.lev </name>
		<victory> finish_line </victory>
	</level>

	<level>
		<name> moveTest.lev </name>
		<victory> finish_line </victory>
	</level>

	<level>
		<name> nose.lev </name>
		<victory> finish_line </victory>
	</level>

	<level>
		<name> sleep.lev </name>
		<victory> finish_line </victory>
	</level>

	<level>
		<name> square.lev </name>
		<victory> finish_line </victory>
	</level>

	<level>
		<name> testAttack.lev </name>
		<victory> finish_line </victory>
	</level>

	<level>
		<name> testBoss.lev </name>
		<victory> finish_line </victory>
	</level>

	<level>
		<name> testPopper.lev </name>
		<victory> finish_line </victory>
	</level>

	<level>
		<name> three.lev </name>
		<victory> finish_line </victory>
	</level>

	<level>
		<name> tornado.lev </name>
		<victory> finish_line </victory>
	</level>

	<level>
		<name> trashCompactor.lev </name>
		<victory> finish_line </victory>
	</level>

	<level>
		<name> x1.lev </name>
		<victory> finish_line </victory>
	</level>

	<level>
		<name> x2.lev </name>
		<victory> finish_line </victory>
	</level>


	<level>
		<name> x3.lev </name>
		<victory> finish_line </victory>
	</level>


	<level>
		<name> x3Small.lev </name>
		<victory> finish_line </victory>
	</level>

	<level>
		<name> xWalls.lev </name>
		<victory> finish_line </victory>
	</level>

</episode>


<!-- 

*** GLOBAL VARIABLES ***

-->

<fence_width> 10 </fence_width>

<command_mode>  0 </command_mode>

<snap_dist> 25 </snap_dist>

<!-- Distance between the player and the bottom of the camera in local mode -->
<dist_player_to_bottom> 300 </dist_player_to_bottom>

<!-- Amount of world to view in local mode = SCREEN_WIDTH * zoom -->
<zoom> 3 </zoom>

<!-- A lower value actually means more friction. 
This is because speed = normal speed * friction. -->

<friction> 1.0 </friction>

<!--
air_density has a greater effect the faster an object is going.
A higher value means slower top speeds.
-->

<!-- looser controls
<air_density> .002 </air_density>
-->

<air_density> .01 </air_density>

<!-- The speed at which a ship can reverse = it's max speed * the reverse multiplier.
     Same with strafing. -->

<reverse_mult> 0.75 </reverse_mult>
<strafe_mult> 0.9 </strafe_mult>

<!--
A higher value for mouse_sensitivity will make the ship turn more when the 
user moves the mouse.
-->

<mouse_sensitivity> 0.16 </mouse_sensitivity>

<death_explosion_size> 128 </death_explosion_size>

<!-- The maximum amount, in degrees a ship can rotate each cycle -->
<max_rotation> 8 </max_rotation>

<!-- If distance between an attacking ship and it's target is greater than 
      far_dist, the ship will fly straight towards the target.  Otherwise
      it will switch to dodging around. -->
<far_dist> 1200 </far_dist>

<!-- Default max speed for fence nodes -->

<fence_speed> 0.75 </fence_speed>

<!--
Use this for closingWalls.lev
<fence_speed> 0.05 </fence_speed>
-->



<!-- Default holodisplay type (used by program).
     Just make sure it exists! -->
<default_holodisplay> global_pirate </default_holodisplay>


<!-- Affect the parameters for the editor snap grid. -->
<grid_gap> 100 </grid_gap>
<grid_color> yellow </grid_color>


<speed_multiplier> 1 </speed_multiplier>

<!-- HOLODISPLAYS AND WEAPONS -->

<holodisplay>
	<name> angry_cola </name>
	<weapon_name> angry_gun </weapon_name>
	<max_health> 1 </max_health>
	<max_speed> 10 </max_speed>
	<face_player> 1 </face_player>
</holodisplay>

<holodisplay>
	<name> angry_face </name>
	<weapon_name> angry_gun </weapon_name>
	<max_health> 5 </max_health>
	<max_speed> 5 </max_speed>
	<face_player> 1 </face_player>
</holodisplay>

<weapon>
	<name> angry_gun </name>
	<shot_delay> 20 </shot_delay>
	<fire_sound> global_bullet_laser </fire_sound>
	<projectile>
		<image> angry_player_bullet </image>
		<damage> 1 </damage>
		<speed> 30 </speed>
		<angle> 0 </angle>
		<origin_x> 0 </origin_x>
		<origin_y> -0.8 </origin_y>
	</projectile>
</weapon>

<holodisplay>
	<name> angry_player </name>
	<max_health> 25 </max_health>
	<max_speed> 10 </max_speed>
	<weapon_name> angry_player_gun </weapon_name>
	<face_player> 1 </face_player>
</holodisplay>

<weapon>
	<name> angry_player_gun </name>
	<shot_delay> 7 </shot_delay>
	<fire_sound> global_bullet_laser </fire_sound>
	<projectile>
		<image> angry_player_bullet </image>
		<damage> 1 </damage>
		<speed> 50 </speed>
		<angle> 0 </angle>
		<origin_x> 0 </origin_x>
		<origin_y> -0.8 </origin_y>
	</projectile>
</weapon>

<holodisplay>
	<name> angry_punching </name>
	<weapon_name> angry_gun </weapon_name>
	<max_health> 3 </max_health>
	<max_speed> 5 </max_speed>
	<face_player> 1 </face_player>
</holodisplay>

<holodisplay>
	<name> angry_stress </name>
	<weapon_name> angry_gun </weapon_name>
	<max_health> 2 </max_health>
	<max_speed> 5 </max_speed>
	<face_player> 1 </face_player>
</holodisplay>

<holodisplay>
	<name> angry_target </name>
	<max_health> 1 </max_health>
	<max_speed> 2 </max_speed>
	<face_player> 0 </face_player>
</holodisplay>

<holodisplay>
	<name> emotion_afraid </name>
	<max_health> 2 </max_health>
	<max_speed> 1.5 </max_speed>
	<face_player> 1 </face_player>
</holodisplay>

<holodisplay>
	<name> emotion_angry </name>
	<max_health> 4 </max_health>
	<max_speed> 6 </max_speed>
	<weapon_name> emotion_angry_gun </weapon_name>
	<face_player> 1 </face_player>
</holodisplay>

<weapon>
	<name> emotion_angry_gun </name>
	<shot_delay> 5 </shot_delay>
	<fire_sound> global_bullet_laser </fire_sound>

	<projectile>
		<image> angry_player_bullet </image>
		<damage> 1 </damage>
		<speed> 50 </speed>
		<angle> 0 </angle>
		<origin_x> 0 </origin_x>
		<origin_y> -0.8 </origin_y>
	</projectile>
</weapon>

<holodisplay>
	<name> emotion_happy </name>
	<max_health> 4 </max_health>
	<max_speed> 3 </max_speed>
	<face_player> 1 </face_player>
</holodisplay>

<holodisplay>
	<name> emotion_player </name>
	<max_health> 10 </max_health>
	<max_speed> 3 </max_speed>
	<weapon_name> emotion_player_gun </weapon_name>
	<face_player> 0 </face_player>
</holodisplay>

<weapon>
	<name> emotion_player_gun </name>
	<shot_delay> 8 </shot_delay>
	<fire_sound> global_bullet_laser </fire_sound>

	<projectile>
		<image> emotion_player_bullet </image>
		<damage> 1 </damage>
		<speed> 80 </speed>
		<angle> 0 </angle>
		<origin_x> 0 </origin_x>
		<origin_y> -0.8 </origin_y>
	</projectile>
</weapon>

<holodisplay>
	<name> emotion_sad </name>
	<max_health> 4 </max_health>
	<max_speed> 3 </max_speed>
	<face_player> 1 </face_player>
</holodisplay>

<holodisplay>
	<name> fuzzy_fuzzy </name>
	<max_health> 4 </max_health>
	<max_speed> 3 </max_speed>
	<face_player> 1 </face_player>
	<events>
		<see_player>
 			<switch_state> attack </switch_state>
                </see_player>
	</events>
</holodisplay>

<holodisplay>
	<name> fuzzy_prickly </name>
	<max_health> 4 </max_health>
	<max_speed> 1.5 </max_speed>
	<face_player> 1 </face_player>
	<events>
		<see_player>
 			<switch_state> attack </switch_state>
                </see_player>
	</events>
</holodisplay>





<holodisplay>
	<name> global_confuse </name>
	<max_health> 3 </max_health>
	<max_speed> 3 </max_speed>
	<weapon_name> global_confuse_gun </weapon_name>
	<face_player> 1 </face_player>
</holodisplay>

<weapon>
	<name> global_confuse_gun </name>
	<shot_delay> 8 </shot_delay>
	<fire_sound> global_bullet_laser </fire_sound>

	<projectile>
		<image> global_confuse_bullet </image>
		<damage> 1 </damage>
		<speed> 80 </speed>
		<angle> 0 </angle>
		<origin_x> 0 </origin_x>
		<origin_y> -0.8 </origin_y>
	</projectile>
</weapon>

<holodisplay>
	<name> global_dual </name>
	<max_health> 1 </max_health>
	<max_speed> 1 </max_speed>
	<weapon_name> global_dual_gun </weapon_name>
	<face_player> 1 </face_player>
</holodisplay>

<weapon>
	<name> global_dual_gun </name>
	<shot_delay> 10 </shot_delay>
	<fire_sound> global_bullet_laser </fire_sound>
	<projectile>
		<image> global_bullet_laser </image>
		<damage> 1 </damage>
		<speed> 32 </speed>
		<angle> 0 </angle>
		<origin_x> -.5 </origin_x>
		<origin_y> 0 </origin_y>
	</projectile>
	<projectile>
		<image> global_bullet_laser </image>
		<damage> 1 </damage>
		<speed> 32 </speed>
		<angle> 0 </angle>
		<origin_x> .5 </origin_x>
		<origin_y> 0 </origin_y>
	</projectile>
</weapon>

<holodisplay>
	<name> global_flower </name>
	<max_health> 6 </max_health>
	<max_speed> .3 </max_speed>
	<weapon_name> global_flower_gun </weapon_name>
</holodisplay>

<weapon>
	<name> global_flower_gun </name>
	<shot_delay> 50 </shot_delay>
	<fire_sound> global_bullet_laser </fire_sound>
	<projectile>
		<image> global_bullet_laser </image>
		<damage> 1 </damage>
		<speed> 48 </speed>
		<angle> 0 </angle>
		<origin_x> 0 </origin_x>
		<origin_y> 0 </origin_y>
	</projectile>
	<projectile>
		<image> global_pirate_bullet </image>
		<damage> 1 </damage>
		<speed> 5 </speed>
		<angle> 30 </angle>
		<origin_x> 0 </origin_x>
		<origin_y> 0 </origin_y>
	</projectile>
	<projectile>
		<image> global_bullet_laser </image>
		<damage> 1 </damage>
		<speed> 48 </speed>
		<angle> 60 </angle>
		<origin_x> 0 </origin_x>
		<origin_y> 0 </origin_y>
	</projectile>
	<projectile>
		<image> global_pirate_bullet </image>
		<damage> 1 </damage>
		<speed> 32 </speed>
		<angle> 90 </angle>
		<origin_x> 0 </origin_x>
		<origin_y> 0 </origin_y>
	</projectile>
	<projectile>
		<image> global_bullet_laser </image>
		<damage> 1 </damage>
		<speed> 48 </speed>
		<angle> 120 </angle>
		<origin_x> 0 </origin_x>
		<origin_y> 0 </origin_y>
	</projectile>
	<projectile>
		<image> global_pirate_bullet </image>
		<damage> 1 </damage>
		<speed> 32 </speed>
		<angle> 150 </angle>
		<origin_x> 0 </origin_x>
		<origin_y> 0 </origin_y>
	</projectile>
	<projectile>
		<image> global_bullet_laser </image>
		<damage> 1 </damage>
		<speed> 48 </speed>
		<angle> 180 </angle>
		<origin_x> 0 </origin_x>
		<origin_y> 0 </origin_y>
	</projectile>
	<projectile>
		<image> global_pirate_bullet </image>
		<damage> 1 </damage>
		<speed> 32 </speed>
		<angle> 210 </angle>
		<origin_x> 0 </origin_x>
		<origin_y> 0 </origin_y>
	</projectile>
	<projectile>
		<image> global_bullet_laser </image>
		<damage> 1 </damage>
		<speed> 48 </speed>
		<angle> 240 </angle>
		<origin_x> 0 </origin_x>
		<origin_y> 0 </origin_y>
	</projectile>
	<projectile>
		<image> global_pirate_bullet </image>
		<damage> 1 </damage>
		<speed> 32 </speed>
		<angle> 270 </angle>
		<origin_x> 0 </origin_x>
		<origin_y> 0 </origin_y>
	</projectile>
	<projectile>
		<image> global_bullet_laser </image>
		<damage> 1 </damage>
		<speed> 48 </speed>
		<angle> 300 </angle>
		<origin_x> 0 </origin_x>
		<origin_y> 0 </origin_y>
	</projectile>
	<projectile>
		<image> global_pirate_bullet </image>
		<damage> 1 </damage>
		<speed> 32 </speed>
		<angle> 330 </angle>
		<origin_x> 0 </origin_x>
		<origin_y> 0 </origin_y>
	</projectile>
</weapon>

<weapon>
	<name> global_gun_capture </name>
	<shot_delay> 15 </shot_delay>
	<fire_sound> global_bullet_laser </fire_sound>
	<projectile>
		<image> global_bullet_capture </image>
		<damage> 1 </damage>
		<speed> 30 </speed>
		<angle> 0 </angle>
		<origin_x> 0 </origin_x>
		<origin_y> 0 </origin_y>
	</projectile>
</weapon>

<weapon>
	<name> global_gun_laser </name>
	<shot_delay> 8 </shot_delay>
	<fire_sound> global_bullet_laser </fire_sound>

	<projectile>
		<image> global_bullet_laser </image>
		<damage> 1 </damage>
		<speed> 80 </speed>
		<angle> 0 </angle>
		<origin_x> 0 </origin_x>
		<origin_y> -0.8 </origin_y>
	</projectile>
</weapon>

<weapon>
	<name> global_gun_slowdown </name>
	<shot_delay> 2 </shot_delay>
	<fire_sound> global_bullet_laser </fire_sound>
	<projectile>
		<image> global_bullet_slowdown </image>
		<damage> .9 </damage>
		<speed> 64 </speed>
		<angle> 0 </angle>
		<origin_x> 0 </origin_x>
		<origin_y> 0 </origin_y>
		<effect> speed </effect>
	</projectile>
</weapon>

<holodisplay>
	<name> global_lust </name>
	<max_health> 3 </max_health>
	<max_speed> 3 </max_speed>
	<weapon_name> global_lust_gun </weapon_name>
	<face_player> 1 </face_player>
</holodisplay>

<weapon>
	<name> global_lust_gun </name>
	<shot_delay> 8 </shot_delay>
	<fire_sound> global_bullet_laser </fire_sound>

	<projectile>
		<image> global_lust_bullet </image>
		<damage> 1 </damage>
		<speed> 80 </speed>
		<angle> 0 </angle>
		<origin_x> 0 </origin_x>
		<origin_y> -0.8 </origin_y>
	</projectile>
</weapon>

<weapon>
	<name> global_nervous_gun </name>
	<shot_delay> 8 </shot_delay>
	<fire_sound> global_bullet_laser </fire_sound>

	<projectile>
		<image> global_nervous_bullet </image>
		<damage> 1 </damage>
		<speed> 80 </speed>
		<angle> 0 </angle>
		<origin_x> 0 </origin_x>
		<origin_y> -0.8 </origin_y>
	</projectile>
</weapon>

<holodisplay>
	<name> global_nose </name>
	<max_health> 3 </max_health>
	<max_speed> 2 </max_speed>
	<weapon_name> global_nose_gun </weapon_name>
</holodisplay>

<weapon>
	<name> global_nose_gun </name>
	<shot_delay> 30 </shot_delay>
	<fire_sound> global_bullet_laser </fire_sound>

	<projectile>
		<image> global_nose_bullet </image>
		<damage> 1 </damage>
		<speed> 20 </speed>
		<angle> 45 </angle>
		<origin_x> 0.2 </origin_x>
		<origin_y> -1 </origin_y>
	</projectile>
	<projectile>
		<image> global_nose_bullet </image>
		<damage> 1 </damage>
		<speed> 20 </speed>
		<angle> -45 </angle>
		<origin_x> -0.2 </origin_x>
		<origin_y> -1 </origin_y>
	</projectile>
</weapon>

<holodisplay>
	<name> global_pirate </name>
	<max_health> 5 </max_health>
	<max_speed> 2 </max_speed>
	<weapon_name> global_pirate_gun </weapon_name>
	<face_player> 1 </face_player>
	<events>
		<see_player>
<!--
 			<switch_state> attack </switch_state> 
-->
                        <play_sound> global_pirate_atk </play_sound>
                </see_player>
		<take_hit>
			<play_sound> global_pirate_hit </play_sound>
		</take_hit>
	</events>
</holodisplay>


<weapon>
	<name> global_pirate_gun </name>
	<shot_delay> 8 </shot_delay>
	<fire_sound> global_pirate_bullet </fire_sound>
	<projectile>
		<image> global_pirate_bullet </image>
		<damage> 1 </damage>
		<speed> 50 </speed>
		<angle> 0 </angle>
		<origin_x> -1 </origin_x>
		<origin_y> 0 </origin_y>
	</projectile>
</weapon>

<holodisplay>
	<name> global_pirate_super </name>
	<max_health> 10 </max_health>
	<max_speed> 20 </max_speed>
	<weapon_name> global_pirate_super_gun </weapon_name>
	<face_player> 1 </face_player>
</holodisplay>

<weapon>
	<name> global_pirate_super_gun </name>
	<shot_delay> 15 </shot_delay>
	<fire_sound> global_pirate_bullet </fire_sound>
	<projectile>
		<image> global_pirate_bullet </image>
		<damage> 1 </damage>
		<speed> 50 </speed>
		<angle> 0 </angle>
		<origin_x> -1 </origin_x>
		<origin_y> 0 </origin_y>
	</projectile>
</weapon>


<!--
IF MAX SPEED OF GLOBAL_PLAYER = 1.5, SHOT DELAY = 14 AND PROJECTILE SPEED = 30 WORKS WELL --> 

<holodisplay>
	<name> global_player </name>
	<max_health> 25 </max_health>
	<max_speed> 10 </max_speed>
	<weapon_name> global_gun_laser </weapon_name>
	<face_player> 1 </face_player>
</holodisplay>

<holodisplay>
	<name> global_tornado </name>
	<max_health> 20 </max_health>
	<max_speed> 25 </max_speed>
	<weapon_name> global_dual_gun </weapon_name>
	<face_player> 1 </face_player>
</holodisplay>




<holodisplay>
	<name> happy_player </name>
	<max_health> 10 </max_health>
	<max_speed> 3 </max_speed>
	<weapon_name> happy_player_gun </weapon_name>
	<face_player> 1 </face_player>
</holodisplay>

<weapon>
	<name> happy_player_gun </name>
	<shot_delay> 8 </shot_delay>
	<fire_sound> global_bullet_laser </fire_sound>

	<projectile>
		<image> happy_player_bullet </image>
		<damage> 1 </damage>
		<speed> 80 </speed>
		<angle> 0 </angle>
		<origin_x> 0 </origin_x>
		<origin_y> -0.8 </origin_y>
	</projectile>
</weapon>

<holodisplay>
	<name> happy_sad </name>
	<max_health> 3 </max_health>
	<max_speed> 3 </max_speed>
	<weapon_name> happy_sad_gun </weapon_name>
	<face_player> 1 </face_player>
</holodisplay>

<weapon>
	<name> happy_sad_gun </name>
	<shot_delay> 9 </shot_delay>
	<fire_sound> global_bullet_laser </fire_sound>

	<projectile>
		<image> happy_sad_bullet </image>
		<damage> 1 </damage>
		<speed> 80 </speed>
		<angle> 0 </angle>
		<origin_x> 0 </origin_x>
		<origin_y> -0.8 </origin_y>
	</projectile>
</weapon>

<holodisplay>
	<name> music_drums </name>
	<max_health> 999999999 </max_health>
	<max_speed> 0 </max_speed>
	<events>
		<take_hit>
			<play_sound> drums </play_sound>
		</take_hit>
	</events>
</holodisplay>

<holodisplay>
	<name> music_cowbell </name>
	<max_health> 999999999 </max_health>
	<max_speed> 0 </max_speed>
	<events>
		<take_hit>
			<play_sound> music_drum </play_sound>
		</take_hit>
	</events>
</holodisplay>

<holodisplay>
	<name> music_guitar </name>
	<max_health> 999999999 </max_health>
	<max_speed> 0 </max_speed>
	<events>
		<take_hit>
			<play_sound> music_guitar </play_sound>
		</take_hit>
	</events>
</holodisplay>

<holodisplay>
	<name> sleep_alarm </name>
	<max_health> 1 </max_health>
	<max_speed> 0 </max_speed>
</holodisplay>

<holodisplay>
	<name> sleep_cloud </name>
	<max_health> 6 </max_health>
	<max_speed> 1 </max_speed>
	<weapon_name> sleep_gun </weapon_name>
	<face_player> 1 </face_player>
</holodisplay>

<holodisplay>
	<name> sleep_flower </name>
	<max_health> 6 </max_health>
	<max_speed> 1 </max_speed>
	<weapon_name> sleep_gun </weapon_name>
	<face_player> 1 </face_player>
</holodisplay>

<holodisplay>
	<name> sleep_grass </name>
	<max_health> 6 </max_health>
	<max_speed> 1 </max_speed>
	<weapon_name> sleep_gun </weapon_name>
	<face_player> 1 </face_player>
</holodisplay>

<weapon>
	<name> sleep_gun </name>
	<shot_delay> 10 </shot_delay>
	<fire_sound> global_bullet_laser </fire_sound>

	<projectile>
		<image> sleep_bullet </image>
		<damage> .9 </damage>
		<speed> 80 </speed>
		<angle> 0 </angle>
		<origin_x> 0 </origin_x>
		<origin_y> -0.8 </origin_y>
		<effect> speed </effect>
	</projectile>
</weapon>

<holodisplay>
	<name> sleep_moon </name>
	<max_health> 6 </max_health>
	<max_speed> 1 </max_speed>
	<weapon_name> sleep_gun </weapon_name>
	<face_player> 1 </face_player>
</holodisplay>


<holodisplay>
	<name> sleep_player </name>
	<max_health> 10 </max_health>
	<max_speed> 4 </max_speed>
</holodisplay>

<holodisplay>
	<name> sleep_star </name>
	<max_health> 6 </max_health>
	<max_speed> 1 </max_speed>
	<weapon_name> sleep_gun </weapon_name>
	<face_player> 1 </face_player>
</holodisplay>


<holodisplay>
	<name> sleep_sun </name>
	<max_health> 6 </max_health>
	<max_speed> 1 </max_speed>
	<weapon_name> sleep_gun </weapon_name>
	<face_player> 1 </face_player>
</holodisplay>


<holodisplay>
	<name> sleep_tree </name>
	<max_health> 6 </max_health>
	<max_speed> 1 </max_speed>
	<weapon_name> sleep_gun </weapon_name>
	<face_player> 1 </face_player>
</holodisplay>


<holodisplay>
	<name> test_boss </name>
	<weapon_name> test_boss_gun </weapon_name>
	<max_health> 20 </max_health>
	<max_speed> 3 </max_speed>
	<face_player> 1 </face_player>
</holodisplay>

<weapon>
	<name> test_boss_gun </name>
	<shot_delay> 15 </shot_delay>
	<fire_sound> global_bullet_laser </fire_sound>
	<projectile>
		<image> global_bullet_laser </image>
		<damage> 1 </damage>
		<speed> 20 </speed>
		<angle> -20 </angle>
		<origin_x> 0 </origin_x>
		<origin_y> -0.8 </origin_y>
	</projectile>
	<projectile>
		<image> global_bullet_laser </image>
		<damage> 1 </damage>
		<speed> 20 </speed>
		<angle> -7 </angle>
		<origin_x> 0 </origin_x>
		<origin_y> -0.8 </origin_y>
	</projectile>
	<projectile>
		<image> global_pirate_bullet </image>
		<damage> 2 </damage>
		<speed> 10 </speed>
		<angle> 0 </angle>
		<origin_x> 0 </origin_x>
		<origin_y> -0.8 </origin_y>
	</projectile>
	<projectile>
		<image> global_bullet_laser </image>
		<damage> 1 </damage>
		<speed> 20 </speed>
		<angle> 7 </angle>
		<origin_x> 0 </origin_x>
		<origin_y> -0.8 </origin_y>
	</projectile>
	<projectile>
		<image> global_bullet_laser </image>
		<damage> 1 </damage>
		<speed> 20 </speed>
		<angle> 20 </angle>
		<origin_x> 0 </origin_x>
		<origin_y> -0.8 </origin_y>
	</projectile>
</weapon>

<holodisplay>
	<name> test_attack </name>
	<weapon_name> test_attack_gun </weapon_name>
	<max_health> 5 </max_health>
	<max_speed> 0.3 </max_speed>
	<face_player> 1 </face_player>
	<events>
		<see_player>
			<switch_state> attack </switch_state>
                </see_player>
	</events>
</holodisplay>

<weapon>
	<name> test_attack_gun </name>
	<shot_delay> 10 </shot_delay>
	<fire_sound> global_bullet_laser </fire_sound>
	<projectile>
		<image> global_bullet_laser </image>
		<damage> 1 </damage>
		<speed> 48 </speed>
		<angle> 0 </angle>
		<origin_x> 0 </origin_x>
		<origin_y> 0.8 </origin_y>
	</projectile>
</weapon>

<holodisplay>
	<name> test_facing </name>
	<weapon_name> test_attack_gun </weapon_name>
	<max_health> 3 </max_health>
	<max_speed> 1 </max_speed>
	<face_player> 1 </face_player>
</holodisplay>

<weapon>
	<name> test_facing_gun </name>
	<shot_delay> 10 </shot_delay>
	<fire_sound> global_bullet_laser </fire_sound>
	<projectile>
		<image> global_bullet_laser </image>
		<damage> 1 </damage>
		<speed> 48 </speed>
		<angle> 0 </angle>
		<origin_x> 0 </origin_x>
		<origin_y> 0 </origin_y>
	</projectile>
</weapon>

<holodisplay>
	<name> test_popper </name>
	<weapon_name> test_popper_gun </weapon_name>
	<max_health> 1 </max_health>
	<max_speed> 5 </max_speed>
	<face_player> 1 </face_player>
</holodisplay>

<weapon>
	<name> test_popper_gun </name>
	<shot_delay> 30 </shot_delay>
	<fire_sound> global_bullet_cannon </fire_sound>
	<projectile>
		<image> global_bullet_laser </image>
		<damage> 1 </damage>
		<speed> 48 </speed>
		<angle> 0 </angle>
		<origin_x> 0 </origin_x>
		<origin_y> 0 </origin_y>
	</projectile>
	<projectile>
		<image> global_pirate_bullet </image>
		<damage> 1 </damage>
		<speed> 32 </speed>
		<angle> 30 </angle>
		<origin_x> 0 </origin_x>
		<origin_y> 0 </origin_y>
	</projectile>
	<projectile>
		<image> global_bullet_laser </image>
		<damage> 1 </damage>
		<speed> 48 </speed>
		<angle> 60 </angle>
		<origin_x> 0 </origin_x>
		<origin_y> 0 </origin_y>
	</projectile>
	<projectile>
		<image> global_pirate_bullet </image>
		<damage> 1 </damage>
		<speed> 32 </speed>
		<angle> 90 </angle>
		<origin_x> 0 </origin_x>
		<origin_y> 0 </origin_y>
	</projectile>
	<projectile>
		<image> global_bullet_laser </image>
		<damage> 1 </damage>
		<speed> 48 </speed>
		<angle> 120 </angle>
		<origin_x> 0 </origin_x>
		<origin_y> 0 </origin_y>
	</projectile>
	<projectile>
		<image> global_pirate_bullet </image>
		<damage> 1 </damage>
		<speed> 32 </speed>
		<angle> 150 </angle>
		<origin_x> 0 </origin_x>
		<origin_y> 0 </origin_y>
	</projectile>
	<projectile>
		<image> global_bullet_laser </image>
		<damage> 1 </damage>
		<speed> 48 </speed>
		<angle> 180 </angle>
		<origin_x> 0 </origin_x>
		<origin_y> 0 </origin_y>
	</projectile>
	<projectile>
		<image> global_pirate_bullet </image>
		<damage> 1 </damage>
		<speed> 32 </speed>
		<angle> 210 </angle>
		<origin_x> 0 </origin_x>
		<origin_y> 0 </origin_y>
	</projectile>
	<projectile>
		<image> global_bullet_laser </image>
		<damage> 1 </damage>
		<speed> 48 </speed>
		<angle> 240 </angle>
		<origin_x> 0 </origin_x>
		<origin_y> 0 </origin_y>
	</projectile>
	<projectile>
		<image> global_pirate_bullet </image>
		<damage> 1 </damage>
		<speed> 32 </speed>
		<angle> 270 </angle>
		<origin_x> 0 </origin_x>
		<origin_y> 0 </origin_y>
	</projectile>
	<projectile>
		<image> global_bullet_laser </image>
		<damage> 1 </damage>
		<speed> 48 </speed>
		<angle> 300 </angle>
		<origin_x> 0 </origin_x>
		<origin_y> 0 </origin_y>
	</projectile>
	<projectile>
		<image> global_pirate_bullet </image>
		<damage> 1 </damage>
		<speed> 32 </speed>
		<angle> 330 </angle>
		<origin_x> 0 </origin_x>
		<origin_y> 0 </origin_y>
	</projectile>
</weapon>

<holodisplay>
	<name> test_laserwall </name>
	<weapon_name> test_laserwall_gun </weapon_name>
	<max_health> 5 </max_health>
	<max_speed> 0.5 </max_speed>
	<face_player> 0 </face_player>
</holodisplay>

<weapon>
	<name> test_laserwall_gun </name>
	<shot_delay> 18 </shot_delay>
	<fire_sound> global_bullet_laser </fire_sound>
	<projectile>
		<image> global_bullet_laser </image>
		<damage> 1 </damage>
		<speed> 30 </speed>
		<angle> 0 </angle>
		<origin_x> 0 </origin_x>
		<origin_y> 0.8 </origin_y>
	</projectile>

	<projectile>
		<image> global_bullet_laser </image>
		<damage> 1 </damage>
		<speed> 30 </speed>
		<angle> 0 </angle>
		<origin_x> -6 </origin_x>
		<origin_y> 0.8 </origin_y>
	</projectile>

	<projectile>
		<image> global_bullet_laser </image>
		<damage> 1 </damage>
		<speed> 30 </speed>
		<angle> 0 </angle>
		<origin_x> 6 </origin_x>
		<origin_y> 0.8 </origin_y>
	</projectile>

	<projectile>
		<image> global_bullet_laser </image>
		<damage> 1 </damage>
		<speed> 30 </speed>
		<angle> 0 </angle>
		<origin_x> -12 </origin_x>
		<origin_y> 0.8 </origin_y>
	</projectile>

	<projectile>
		<image> global_bullet_laser </image>
		<damage> 1 </damage>
		<speed> 48 </speed>
		<angle> 0 </angle>
		<origin_x> 12 </origin_x>
		<origin_y> 0.8 </origin_y>
	</projectile>
</weapon>

<holodisplay>
	<name> test_laserwall_angled </name>
	<weapon_name> test_laserwall_angled_gun </weapon_name>
	<max_health> 5 </max_health>
	<max_speed> 1 </max_speed>
	<face_player> 0 </face_player>
</holodisplay>

<weapon>
	<name> test_laserwall_angled_gun </name>
	<shot_delay> 10 </shot_delay>
	<fire_sound> global_bullet_laser </fire_sound>

	<projectile>
		<image> global_bullet_laser </image>
		<damage> 1 </damage>
		<speed> 48 </speed>
		<angle> 0 </angle>
		<origin_x> 0 </origin_x>
		<origin_y> 0.8 </origin_y>
	</projectile>

	<projectile>
		<image> global_bullet_laser </image>
		<damage> 1 </damage>
		<speed> 48 </speed>
		<angle> -35 </angle>
		<origin_x> 0 </origin_x>
		<origin_y> 0.8 </origin_y>
	</projectile>

	<projectile>
		<image> global_bullet_laser </image>
		<damage> 1 </damage>
		<speed> 48 </speed>
		<angle> 35 </angle>
		<origin_x> 0 </origin_x>
		<origin_y> 0.8 </origin_y>
	</projectile>

	<projectile>
		<image> global_bullet_laser </image>
		<damage> 1 </damage>
		<speed> 48 </speed>
		<angle> 0 </angle>
		<origin_x> -6 </origin_x>
		<origin_y> 0.8 </origin_y>
	</projectile>

	<projectile>
		<image> global_bullet_laser </image>
		<damage> 1 </damage>
		<speed> 48 </speed>
		<angle> 0 </angle>
		<origin_x> 6 </origin_x>
		<origin_y> 0.8 </origin_y>
	</projectile>

	<projectile>
		<image> global_bullet_laser </image>
		<damage> 1 </damage>
		<speed> 48 </speed>
		<angle> 30 </angle>
		<origin_x> -12 </origin_x>
		<origin_y> 0.8 </origin_y>
	</projectile>

	<projectile>
		<image> global_bullet_laser </image>
		<damage> 1 </damage>
		<speed> 48 </speed>
		<angle> -30 </angle>
		<origin_x> 12 </origin_x>
		<origin_y> 0.8 </origin_y>
	</projectile>
</weapon>

<holodisplay>
	<name> test_shooter </name>
	<weapon_name> test_shooter_gun </weapon_name>
	<max_health> 5 </max_health>
	<max_speed> 0.5 </max_speed>
	<face_player> 0 </face_player>
</holodisplay>

<weapon>
	<name> test_shooter_gun </name>
	<shot_delay> 25 </shot_delay>
	<fire_sound> global_bullet_laser </fire_sound>
	<projectile>
		<image> global_bullet_laser </image>
		<damage> 1 </damage>
		<speed> 30 </speed>
		<angle> 0 </angle>
		<origin_x> -1.5 </origin_x>
		<origin_y> 0.8 </origin_y>
	</projectile>
	<projectile>
		<image> global_bullet_laser </image>
		<damage> 1 </damage>
		<speed> 30 </speed>
		<angle> 0 </angle>
		<origin_x> 1.5 </origin_x>
		<origin_y> 0.8 </origin_y>
	</projectile>
</weapon>

<holodisplay>
	<name> slow_fire_facing </name>
	<weapon_name> slow_fire_facing_gun </weapon_name>
	<max_health> 3 </max_health>
	<max_speed> 3 </max_speed>
	<face_player> 1 </face_player>
</holodisplay>

<weapon>
	<name> slow_fire_facing_gun </name>
	<shot_delay> 50 </shot_delay>
	<fire_sound> global_bullet_laser </fire_sound>

	<projectile>
		<image> global_bullet_laser </image>
		<damage> 1 </damage>
		<speed> 20 </speed>
		<angle> 0 </angle>
		<origin_x> 0 </origin_x>
		<origin_y> 0.8 </origin_y>
	</projectile>
</weapon>

<holodisplay>
	<name> rapid_fire_facing </name>
	<weapon_name> rapid_fire_facing_gun </weapon_name>
	<max_health> 3 </max_health>
	<max_speed> 3 </max_speed>
	<face_player> 1 </face_player>
</holodisplay>

<weapon>
	<name> rapid_fire_facing_gun </name>
	<shot_delay> 10 </shot_delay>
	<fire_sound> global_bullet_laser </fire_sound>

	<projectile>
		<image> global_bullet_laser </image>
		<damage> 1 </damage>
		<speed> 20 </speed>
		<angle> 0 </angle>
		<origin_x> 0 </origin_x>
		<origin_y> 0.8 </origin_y>
	</projectile>
</weapon>

<holodisplay>
	<name> homing </name>
	<max_health> 3 </max_health>
	<max_speed> 3 </max_speed>
	<weapon_name> global_pirate_gun </weapon_name>
	<face_player> 1 </face_player>
	<events>
		<see_player>
 			<switch_state> attack </switch_state> 
                </see_player>
	</events>
</holodisplay>


</xml>