<object_dispenser>
	<id> 4 </id>
	<release_rate> 3 </release_rate>
	<contents>
		<holodisplay> pirate </holodisplay>
		<holodisplay> ninja </holodisplay>
		<holodisplay> smiley </holodisplay>
	</contents>

</object_dispenser>


<!--Future Support For This
<object_dispenser>
	<id> 2 </id>
	<release_rate> 5 </release_rate>
	<loop> 3 </loop>
	<random> 1 </random>
	<contents>
		<holodisplay> pirate </holodisplay>
		<holodisplay> ninja </holodisplay>
		<holodisplay> smiley </holodisplay>
	</contents>
	<contents>
		<holodisplay> pirate </holodisplay>
		<holodisplay> pirate </holodisplay>
		<holodisplay> pirate </holodisplay>
	</contents>
</object_dispenser>
-->

